"SITE_ID","chla","DOC","TP","depth","area"
"NLA12_AL-101",17.76,2.335,27.5,13.4,13018719.7
"NLA12_AL-102",10,3.38,12,17.3,729504.2027
"NLA12_AL-103",32,2.83,56,6.5,103632584.8
"NLA12_AL-104",8.945454545,2.68,37,19.8,47314743.36
"NLA12_AL-105",90.28,6.83,82,4.8,325614.6308
"NLA12_AL-112",9.386666667,3.82,33,3.8,55554.4262
"NLA12_AL-113",1.27,3.41,27,2.5,294050.1835
"NLA12_AL-114",17.5,3.6,62,3.5,181047.1487
"NLA12_AR-101",39.58,11.185,84,2,1057849.996
"NLA12_AR-102",74,5.33,151,1.3,958925.2695
"NLA12_AR-103",4.944,2.92,15,13.4,24289211.92
"NLA12_AR-104",6.624,2.03,30,9.1,446821.24
"NLA12_AR-105",9.461333335,8.82,36.5,2.45,72950.0254
"NLA12_AR-106",59.2,5.02,107,5.4,2225927.542
"NLA12_AR-109",10.32,7.48,39,7.8,41492.25261
"NLA12_AR-111",23.89333333,5.26,121,1.2,20618.03018
"NLA12_AZ-101",5.0006666665,3.97,45.5,23.85,3734884.097
"NLA12_AZ-102",32.3,16.53,631,1.6,1191798.15
"NLA12_AZ-103",15.34,7.74,259,3.6,814525.2873
"NLA12_AZ-106",5.244,7.65,37,4.8,550064.1968
"NLA12_AZ-107",10.42,6.1,234,3.6,5292331.386
"NLA12_AZ-118",1.3,3.42,38,2.4,80072.10087
"NLA12_AZ-123",253.8,34.49,392,1.8,188742.2654
"NLA12_AZ-127",13.056,6.03,147,4.3,247658.9448
"NLA12_AZ-130",7.1933333335,2.585,62,16.95,6226993.198
"NLA12_AZ-140",6.453333333,5.31,38,4.1,58972.83111
"NLA12_AZ-143",13.51111111,11.76,75,4,167232.7332
"NLA12_AZ-145",39.2,14.02,244,3,484485.317
"NLA12_AZ-157",241.2,6.41,882,1.6,172823.0542
"NLA12_CA-101",14,6.615,30.65,10.6,3353416.647
"NLA12_CA-102",99,8.83,23.9,2.2,7310214.14
"NLA12_CA-103",0.2,1.62,4.1,19.8,5747253.533
"NLA12_CA-104",2.2,6.82,4.9,29.9,1188169.149
"NLA12_CA-105",12,4.39,688,4.3,213692.5395
"NLA12_CA-106",176,28.1,591,2.7,627853.3719
"NLA12_CA-107",3.8,3.07,10.2,8.3,700184.4691
"NLA12_CA-108",9,1.49,4.8,14,697719.1048
"NLA12_CA-111",2.35,1.64,5.65,5.25,1465493.939
"NLA12_CA-112",3.4,1.84,7.5,6.3,216054.1441
"NLA12_CA-116",1.4,1.59,62.6,34.5,195861.4266
"NLA12_CA-119",8,1.92,4.1,33,44707354.1
"NLA12_CA-121",2.8,4.2,12.3,14.3,10059283
"NLA12_CA-123",2,2.84,9.7,5.7,104270.2163
"NLA12_CA-128",5,4.32,29.5,3.5,10333.84661
"NLA12_CA-132",4,1.48,11.6,9.6,361721.7915
"NLA12_CA-135",3.8,1.53,5.6,16,2457747.884
"NLA12_CA-138",2.6,4.99,10.5,1.3,89071.00118
"NLA12_CA-141",21,8.08,33.7,3.7,16134.22335
"NLA12_CA-143",2.7,4.41,26.8,8.3,24815.29197
"NLA12_CA-145",17,5.59,33.6,3.5,46676.32946
"NLA12_CA-154",3.3,2.45,166,3,370742.3963
"NLA12_CA-156",31,2.76,53,2.7,768394.2876
"NLA12_CA-157",3.4,2,4.1,7.2,1684290.28
"NLA12_CA-166",0.5,1.93,4.1,6.7,126097.1255
"NLA12_CA-167",1.3,3.38,4.1,8.3,100947.3893
"NLA12_CA-168",111,7.67,434,24.1,701030.1509
"NLA12_CA-172",0.8,28.1,14.8,12.8,256119.2863
"NLA12_CA-174",6.7,4.13,77.7,6,153353.5344
"NLA12_CA-180",3.4,1.69,4.1,29.1,44776061.77
"NLA12_CA-181",6,4.57,39.7,5.8,143702.0861
"NLA12_CA-188",13,6.67,25.6,29,3097251.775
"NLA12_CA-190",33,12.7,123,2,481414.4143
"NLA12_CA-200",1.4,1.04,4.1,10.2,139086.7569
"NLA12_CA-206",1.6,0.75,5.6,45,110523536.3
"NLA12_CA-208",9,36.1,29.9,1.5,1800083.266
"NLA12_CA-212",2,4.09,8.3,14.8,162944.611
"NLA12_CA-223",0.8,1.77,4.1,25.8,349782.8404
"NLA12_CO-101",38.5335,32.81,100,2,3036459.89
"NLA12_CO-102",0.92,1.62,29,14,149846.4518
"NLA12_CO-103",4.768,5.07,17,5,6115611.803
"NLA12_CO-104",218,15.09,435,6.7,724962.3774
"NLA12_CO-105",101.3,9.66,114,4.4,653861.0038
"NLA12_CO-106",2.2,3.34,15,7.2,1898164.828
"NLA12_CO-107",1.224,0.73,16,16.4,500988.6464
"NLA12_CO-108",0.371,1.41,25,4.9,102228.4808
"NLA12_CO-109",5.993,4.57,16,12.5,510279.6638
"NLA12_CO-110",15.62,6.1,43,4,182457.7471
"NLA12_CO-111",3.513333333,2.89,26,6,2174881.284
"NLA12_CO-114",5.8,5.09,37,5.1,57268.32826
"NLA12_CO-115",3.04,2.67,14,3.3,35115.84722
"NLA12_CO-117",6.102857143,4.77,33,5,351710.2053
"NLA12_CO-119",1.16,0.48,5,30,61359.20724
"NLA12_CO-121",3.946666667,2.13,84,3.1,20562.98199
"NLA12_CO-124",0.525,15.37,110,4.8,92046.29265
"NLA12_CO-125",1.264,1.29,11,6.5,16380.10034
"NLA12_CO-127",97.2,8.09,712,5.3,247158.7035
"NLA12_CO-129",3.104,5.87,45,2.1,29055.01949
"NLA12_CO-130",5.187692308,0.78,9,5.8,38376.69916
"NLA12_CO-131",12.5737362615,5.375,47.5,7.6,173961.8854
"NLA12_CO-133",1.104,1.7,14,2.4,156796.4295
"NLA12_CT-101",6.752,4.875,28,2.2,194602.2047
"NLA12_CT-102",1.52,2.11,7,19.3,999845.0318
"NLA12_CT-103",2.324,2.53,19,23.6,561996.7245
"NLA12_CT-104",28.404,4.33,48,5.7,367324.3131
"NLA12_CT-105",26.08,3.85,69,6.3,105916.9184
"NLA12_CT-107",4.277333333,4.36,18,4.5,329819.7277
"NLA12_CT-108",7.84,3.5,28,2.5,389098.5797
"NLA12_CT-115",3.796,2.665,12,6.7,1117119.893
"NLA12_CT-118",2.112,2.6,5,9.2,255197.079
"NLA12_CT-126",2.82,3.06,15,3.9,339185.8309
"NLA12_DE-101",79.066666665,3.56,132,1.7,654747.537
"NLA12_DE-102",78,5.5,227,1.3,230486.7436
"NLA12_DE-103",12.72,2.95,81,1.7,272760.2749
"NLA12_DE-104",45.12,3.98,182,1.9,344588.4719
"NLA12_DE-105",3.292,2.15,22,2.3,71122.33821
"NLA12_DE-107",8.48,3.52,30,1.4,142216.0773
"NLA12_DE-121",15.472,2.58,191,1.5,238001.9663
"NLA12_FL-101",9.94,13.11,127,4.05,1674896089
"NLA12_FL-102",27.68,14.57,43.5,3.85,2898131.363
"NLA12_FL-103",80.9,21.61,132,1.2,124083260.7
"NLA12_FL-104",16.32,6.03,25,6.7,391527.6905
"NLA12_FL-105",88.8,18.68,81,3.5,63488779.89
"NLA12_FL-106",3.144,13.02,46,2.8,244705.0394
"NLA12_FL-107",2.3776,5.86,9,6.1,300349.2592
"NLA12_FL-108",34.48888889,8.43,70,5.5,33604247.55
"NLA12_FL-109",34.64,20.73,77,2.4,35655645.52
"NLA12_FL-110",8.413333335,3.98,22,2.7,18706.54899
"NLA12_FL-114",4.184615385,7.87,20,6.6,63710.6718
"NLA12_FL-123",1.818,5.205,7,14.9,345311.9775
"NLA12_FL-126",11.30666667,14.16,50,2.4,26748265.53
"NLA12_FL-130",10.9,11.55,58,2,215069.8766
"NLA12_FL-132",34.572,29.97,83,1.1,6054412.435
"NLA12_FL-141",17.25714286,1.58,27,1.1,327319.5533
"NLA12_GA-101",41.848,16.94,160.5,2.65,97414.00804
"NLA12_GA-102",58.4,5.67,157,1.2,50111.22915
"NLA12_GA-103",24.48,3.24,37,3.8,322687.803
"NLA12_GA-104",5.024,2.14,15,13,35114161.03
"NLA12_GA-105",0.9328,0.94,19,20.8,13412560.47
"NLA12_GA-107",121.2,3.8,76,3.3,24445.9094
"NLA12_GA-111",32.52,5.48,46,3.4,67158.45621
"NLA12_GA-112",5.096,3.33,35.5,4.8,50808.95318
"NLA12_GA-114",10.608,8.18,39,3,80047.31299
"NLA12_GA-118",1.35,1.02,14,9.7,180646.3261
"NLA12_GA-127",21.8,18.3,36,2.2,1383765.04
"NLA12_IA-101",85.2335,6.82,176,6.9,3626214.389
"NLA12_IA-102",88,8.38,684,1.7,206733.9419
"NLA12_IA-103",4.12,3.4,18,6.2,66183.84421
"NLA12_IA-104",4.8,5.29,22,7,501711.8056
"NLA12_IA-105",91.9,7.01,193,2.8,1763473.158
"NLA12_IA-106",87.7,4.67,241,4.7,932822.2097
"NLA12_IA-107",104,13.13,493,2.8,3005586.655
"NLA12_IA-109",5.268571429,8.58,59,1.5,515923.5412
"NLA12_IA-113",15.9,5.14,33,10.5,1630441.416
"NLA12_IA-120",14.1666666665,3.675,171,3.2,12235332.65
"NLA12_IA-127",14.34666667,5.41,50,6.6,347189.7683
"NLA12_IA-132",91.2,10.42,240,2.4,410770.1142
"NLA12_IA-134",86,3.88,175,2.9,412923.8706
"NLA12_IA-150",72.8,10.56,62,6.4,247907.7921
"NLA12_IA-152",62.4,7.04,240,3.7,4277010.596
"NLA12_ID-101",6.304,1.94,59.5,5.25,2114298.244
"NLA12_ID-102",1.432,2.69,29,3,705008.5184
"NLA12_ID-103",3.562666667,2.54,35,6.3,3995960.538
"NLA12_ID-104",81.12,5.58,147,4.05,614748.6398
"NLA12_ID-105",2.824,6.02,29,12.5,393295.3471
"NLA12_ID-107",3.024,7.99,383,3.6,334235.4611
"NLA12_ID-108",1.152,1.76,22,4.75,2017725.523
"NLA12_ID-109",18.88,1.88,41,15,33955480.59
"NLA12_ID-110",4.88,9.96,44,3.1,817921.0447
"NLA12_ID-111",12.24,2.93,84,NA,3930365.949
"NLA12_ID-112",4.092,5.1,47.5,5.55,215099.2855
"NLA12_ID-113",3.73,4.49,34,5.6,97074.44331
"NLA12_ID-121",2.34,2.71,65,5.5,127167.8687
"NLA12_ID-122",45.68,5.2,82,6.5,5041874.845
"NLA12_ID-141",1.264,2.47,36,8.1,715722.1559
"NLA12_ID-142",0.112685714,0.6,15,1.1,56464.90065
"NLA12_ID-143",5.76,6.98,68,2.2,355459.8079
"NLA12_ID-145",0.441142857,1.11,23,12.1,279384.9885
"NLA12_ID-148",5.546666667,3.42,77,32.8,380881.8946
"NLA12_ID-149",26.72,7.09,85,9,64885.24087
"NLA12_ID-151",764.64,15.04,705,3.2,446023.3911
"NLA12_ID-158",0.248171429,0.7,9,35.5,90783.02308
"NLA12_ID-165",4.056,6.08,118,14.6,213905.073
"NLA12_ID-166",2.456,1.63,58,3.6,212585.4419
"NLA12_ID-168",1.296,1.85,17,26,1220913.417
"NLA12_ID-175",24.48,3.19,201,11.5,729743.7597
"NLA12_ID-180",1.156,1,22,4,75309.82006
"NLA12_ID-194",31.36,3.83,93,4.27,1639336.602
"NLA12_ID-198",22.56,4.23,79,2.1,44317.04145
"NLA12_ID-203",22.29333333,7.47,175,1.7,135957.442
"NLA12_ID-205",2.144,2.98,75,10,135811.7154
"NLA12_ID-207",5.448,3.61,43,3.8,270535.3311
"NLA12_ID-209",0.424,1.8,41,4.6,124427.8782
"NLA12_ID-210",0.384,0.71,9,14,278792.66
"NLA12_ID-214",8.72,2.89,134,5.9,4073951.506
"NLA12_ID-215",0.717714286,1.11,13,50,1582617.731
"NLA12_ID-216",86.56,8.95,275,1.15,293850.7822
"NLA12_ID-218",2.04,1.3,37,21.3,109375.5364
"NLA12_ID-220",1.130666667,0.98,53,5.85,27178.5858
"NLA12_ID-221",6.08,8.64,47,1,122231.563
"NLA12_IL-103",36.96,5.22,71.5,7.6,426436.1798
"NLA12_IL-104",6.16,7.39,17,9.3,885045.4108
"NLA12_IL-105",12.37333333,4.94,28,16.5,2961995.854
"NLA12_IL-106",59.36,10.06,62,8.7,1548025.399
"NLA12_IL-109",36.71,4.86,50,9.9,131525.1632
"NLA12_IL-110",4.533333333,3.75,24,4.5,17345.37234
"NLA12_IL-111",59.36,4.77,89,10,3339449.364
"NLA12_IL-112",24.8,7.62,69,2.8,18521.40246
"NLA12_IL-114",2.8768,3.23,13,15,729032.4707
"NLA12_IL-116",0.220699301,0.58,64,7.5,108742.6762
"NLA12_IL-118",57.28,6.33,91,3.1,207283.329
"NLA12_IL-120",48.64,5.89,109,7,69879.20243
"NLA12_IL-123",234.4,13.18,384,1.7,850954.8674
"NLA12_IN-101",4.1133333335,6.15,27.5,16.5,101905.1846
"NLA12_IN-102",4.272,5.25,37,11.6,1940341.611
"NLA12_IN-103",27.57333333,9.85,65,9.1,470075.3436
"NLA12_IN-104",16.24,4.24,40,7,109151.4258
"NLA12_IN-105",15.2,7.11,40,7.9,1291172.696
"NLA12_IN-106",8.48,5.76,29,14.6,225899.8354
"NLA12_IN-108",17.2,8.68,58,9,968169.7062
"NLA12_IN-110",6.186666667,6.64,21,36,3220065.588
"NLA12_IN-111",38.4,3.91,46,8.8,727512.337
"NLA12_IN-112",33.12,4.08,59,10.7,1241815.738
"NLA12_IN-113",2.813793103,5.63,16,25.6,4071980.919
"NLA12_IN-115",14.13,3.38,27,5.5,27617951.65
"NLA12_IN-116",1.944,4.27,16,8,63155.41703
"NLA12_IN-117",4.284,3.52,9,7.3,189601.9997
"NLA12_IN-120",21.7,5.91,44,6.5,117273.7003
"NLA12_IN-126",26.88,5.01,84,3.4,63548.54858
"NLA12_IN-127",32.48,4.73,53,6.4,5922888.77
"NLA12_IN-128",4.84,6.205,41,8.15,490570.8786
"NLA12_IN-130",5.893333333,3.79,19,7.3,553229.5042
"NLA12_IN-131",0.908,2.91,8,13,133323.3781
"NLA12_IN-134",18.24,11.73,38,10.4,43213.79985
"NLA12_IN-135",3.56,2.57,31,8.5,51107.05271
"NLA12_IN-142",12.48,8.72,125,1.4,178819.3818
"NLA12_IN-144",7.4,9.29,31,28,797672.3127
"NLA12_IN-145",77.76,7.51,107,2.7,95068.14738
"NLA12_IN-146",2.56,3.81,24,7.9,470709.968
"NLA12_IN-147",72,5.62,411,1,19564.28257
"NLA12_IN-149",12.88,6.61,51,6.4,2547476.961
"NLA12_IN-155",3.253333333,3.1,13,9.4,35834.25647
"NLA12_IN-159",60.912,6.83,148,4.6,52868.46482
"NLA12_IN-160",6.056,8.05,17,6.4,121205.8285
"NLA12_IN-162",16.32,6.81,39,3.8,55746.81425
"NLA12_IN-163",35.6,3.98,76,9.1,4735328.678
"NLA12_IN-164",2.309,7.75,18,8.4,44584.59741
"NLA12_IN-166",22.72,12.69,112,2,3250384.875
"NLA12_IN-171",11.952,4.9,33,5.8,95207.04013
"NLA12_IN-172",2.16,4.39,11,14.6,735138.0345
"NLA12_IN-174",3.204,3.39,17,11.8,382277.9306
"NLA12_IN-179",171,4.82,962,3.1,52895.81836
"NLA12_IN-180",13.44,4.56,49,6.4,61296.0706
"NLA12_IN-183",12.976,10.07,416,1.1,104450.1869
"NLA12_IN-185",30,5.33,64,5.5,167484.9991
"NLA12_IN-186",2.736,4.29,15,14.6,452479.1312
"NLA12_IN-187",5.04,6.44,11,6.7,108378.0673
"NLA12_IN-191",56.1,12.05,147,2.3,40340.12448
"NLA12_IN-193",5.104,2.88,9,8.2,152981.9602
"NLA12_IN-196",4.165714286,5.66,17,10,1653987.289
"NLA12_IN-199",4.18,4.51,31,8.5,467765.862
"NLA12_IN-201",24.48,6.68,63,8.2,15860.54545
"NLA12_IN-202",10.88,6.49,50,2.4,19034.95759
"NLA12_KS-101",5.8831666665,7.36,810.5,1.6,102347.6444
"NLA12_KS-102",8.564705882,7.62,53,6,1273005.653
"NLA12_KS-103",12.59354839,4.22,28,5.4,1019461.67
"NLA12_KS-105",44.4,5.85,190,1.4,567939.5135
"NLA12_KS-106",29.33333333,7.34,95,3,134818.5356
"NLA12_KS-107",7.586206897,4.06,28,2.8,161022.0848
"NLA12_KS-108",50.4,8.9,261,1.5,268644.9268
"NLA12_KS-109",11.44888889,5.74,46,3.65,43021.33103
"NLA12_KS-114",15.408,4.65,46,5.7,1100385.555
"NLA12_KS-121",21.71428571,5.73,68,1.9,121901.1237
"NLA12_KS-122",20,6.14,60,13,46450624.34
"NLA12_KS-124",19.71,4.32,103,2.3,200817.3323
"NLA12_KS-125",3.066666667,3.42,16,15,1245710.013
"NLA12_KS-126",6.336,5.98,455,1.6,26345.35372
"NLA12_KS-130",14.688,6.61,45,2.7,71854.80548
"NLA12_KS-138",3.588571429,3.29,12,4.6,108083.0283
"NLA12_KY-101",0.89025,1.22,14.5,25,905571.4639
"NLA12_KY-102",13.376,3.85,25,5.5,204157.6571
"NLA12_KY-103",NA,2.25,22,7.8,704561.1645
"NLA12_KY-104",133.14,17.83,483,1.1,74348.19774
"NLA12_KY-107",27.84761905,3.655,47,6.15,500644.6701
"NLA12_KY-114",10.8,2.25,25,16,22047013.89
"NLA12_KY-116",2.593333333,3.29,26,5.6,1510837.12
"NLA12_KY-117",22.56,4.39,75,5.1,18801.56679
"NLA12_KY-120",78.33333333,5.29,158,1.6,161826.3377
"NLA12_KY-122",48.54545455,2.99,95,8.2,1562603.558
"NLA12_LA-101",96.76666665,5.97,381,3.9,4602092.131
"NLA12_LA-102",11.664,7.48,112,4.2,11815213.67
"NLA12_LA-103",7.82,5.17,215,2.4,369706.2076
"NLA12_LA-104",16.16,16.11,66,3.5,62760121.65
"NLA12_LA-105",12.096,5.85,68,2,6523204.489
"NLA12_LA-106",44,10.58,109,2.5,501152.865
"NLA12_LA-109",51.6,5.18,397,1.6,338466.449
"NLA12_LA-134",11.72,7.585,153,2.95,162362098.7
"NLA12_LA-141",426,15.46,3085,1,232669.7468
"NLA12_LA-152",47.1,8.56,45,3.4,1497906.972
"NLA12_LA-154",250,14.75,1054,1.1,53911.49697
"NLA12_LA-155",5.266666667,5.42,23,3,45046.17221
"NLA12_LA-161",13.648,5.78,55,5.9,273494.8818
"NLA12_LA-172",74,5.75,427,1,173946.7541
"NLA12_MA-101",11.894,2.355,34,4.45,152457.4108
"NLA12_MA-102",2.154666667,3.98,14,2,2024299.208
"NLA12_MA-103",4.68,5.25,15,3,584634.6487
"NLA12_MA-104",33.76,4.29,25,7.8,663510.8379
"NLA12_MA-105",7.09,5.28,22.5,6.75,1384085.73
"NLA12_MA-106",5.273846154,2.91,13,4.2,257337.5839
"NLA12_MA-108",18.18666667,3.93,48,1.5,42127.2213
"NLA12_MA-109",1.472,2.63,7,10.4,114342.2349
"NLA12_MA-110",5.08,2.5,13,13.8,477484.7149
"NLA12_MA-111",5.533333333,1.5,29,3.5,108437.2116
"NLA12_MD-101",1.722,3.31,5,11.25,856690.3349
"NLA12_MD-102",42.56,4.25,81,1.2,127104.6189
"NLA12_MD-103",0.842666667,1.9,5,3.1,127526.9087
"NLA12_MD-104",118.8,3.46,165,1.6,525874.7903
"NLA12_MD-105",32.72,5.38,84,1.7,206297.774
"NLA12_MD-108",26,3.78,42,2.5,772786.8199
"NLA12_MD-115",105.6,8.04,87,1.2,12366.93738
"NLA12_MD-118",3.686153846,2.03,50,0.9,210918.2722
"NLA12_ME-101",2.1605,3.65,5,3.15,1039488.395
"NLA12_ME-102",2.736,6.2,8,25,2828830.619
"NLA12_ME-103",3.044,4.9,6,27.3,2727762.509
"NLA12_ME-104",3.272,8.8,12,2.3,1043875.226
"NLA12_ME-105",6.528,6.7,13,2.2,472753.5221
"NLA12_ME-106",4.565,4,6,32,515526.8124
"NLA12_ME-107",1.508571429,3.1,4,13.5,834465.3561
"NLA12_ME-108",5.662857143,3.7,9,31,26771783.63
"NLA12_ME-109",6.56,4.9,15,16.5,18879212.08
"NLA12_ME-110",2.02,2.4,6,18,5370273.064
"NLA12_ME-113",12.816,9.3,22,1.8,43993.6651
"NLA12_ME-114",1.92,3.8,6,23.2,1616226.39
"NLA12_ME-115",1.872,6.2,9,4.8,33901.03339
"NLA12_ME-116",3.461,4.8,13,3,136567.2865
"NLA12_ME-118",2.092,3.7,11,8.7,296950.1857
"NLA12_ME-120",2.72,6.7,10,5.7,227184.264
"NLA12_ME-121",15.893,2.7,11,12.1,205742.6252
"NLA12_ME-122",1.68,6.4,11,5,1303503.971
"NLA12_ME-126",1.554,3.85,4.5,4.75,110377.4624
"NLA12_ME-129",3.925333333,6.8,13,2.9,154239.3703
"NLA12_ME-130",2.443,4.6,7,5.1,78225.05529
"NLA12_ME-134",2.448,4.1,10,3,20758.56036
"NLA12_ME-135",2.256,4.5,9,4.7,1624682.572
"NLA12_ME-137",4.874,6.6,16,5.6,181722.3725
"NLA12_MI-101",4.032,6.17,16,6.2,205903.6148
"NLA12_MI-102",33.44,2.57,46,12.9,2392614.117
"NLA12_MI-103",2.56,8.51,29,15,1055829.396
"NLA12_MI-104",5.176,7.46,18,8.7,1090730.023
"NLA12_MI-105",12,6.17,44,18.2,18996334.3
"NLA12_MI-106",3.466666667,6.34,36,6,1844345.589
"NLA12_MI-107",3.015384615,3.64,31,16,9576001.108
"NLA12_MI-108",4.48,5.13,14,9,817377.8302
"NLA12_MI-109",19.34883721,4.69,44,9.5,1775017.494
"NLA12_MI-110",1.501714286,8.68,10,10.1,112224.1463
"NLA12_MI-111",21.04,5.93,36,8.5,3849121.869
"NLA12_MI-112",17.04,5.63,38,13.1,1957958.733
"NLA12_MI-113",2.917333333,4.24,75,15.5,886470.0506
"NLA12_MI-114",11.2,7.09,51,6.5,637846.2006
"NLA12_MI-115",3.5,6.42,15,2.6,1318145.051
"NLA12_MI-116",3.568,16.05,36,3.2,692784.3573
"NLA12_MI-117",3.144,4.72,18,11.2,300372.6716
"NLA12_MI-118",2.974117647,3.85,8,17.5,556242.7711
"NLA12_MI-120",22.48,6.95,49,4.9,44259.81362
"NLA12_MI-122",1.045,2.61,21,26.3,585141.0658
"NLA12_MI-123",6.186666667,7.68,22,14.6,190810.3971
"NLA12_MI-124",3,5.95,38,2.9,207984.169
"NLA12_MI-125",5.84,11.92,21,2.7,235828.4069
"NLA12_MI-126",4.106666667,7.3,39,8.5,199041.1384
"NLA12_MI-128",3.032,4.18,10,15.2,592943.8337
"NLA12_MI-129",2.373333333,5.23,21,21,258720.5168
"NLA12_MI-130",1.266666667,3.54,34,3.5,162665.8094
"NLA12_MI-132",7.26,12.7,15,4.5,132182.5643
"NLA12_MI-133",1.4016,2.43,25,7.7,63523.0531
"NLA12_MI-135",4.581,8.55,22,11.5,369449.8424
"NLA12_MI-136",6.224,12.83,17,6.7,199287.0769
"NLA12_MI-137",5.4625,8.48,19,8.5,15965.51665
"NLA12_MI-138",4.113333333,14.91,34,3.6,1018587.675
"NLA12_MI-139",8.32,19.085,33,6.9,26967.18707
"NLA12_MI-141",2.313333333,5.23,19,15.2,180513.7001
"NLA12_MI-142",6.21,15.98,75,3.6,34486.1954
"NLA12_MI-144",3.514666667,5.21,26,2.7,30337.50795
"NLA12_MI-145",5.824,9.45,29,12,357929.9385
"NLA12_MI-148",1.530666667,6.6,8,17,1199562.22
"NLA12_MI-150",7.428571429,11.75,23,1.9,190605.4688
"NLA12_MI-151",3.423,5.07,10,6.6,84211.88949
"NLA12_MI-152",23.3,24.53,30,7,96638.38158
"NLA12_MI-155",6.8,10.69,25,7.4,122432.7281
"NLA12_MI-161",15.392,9.12,30,6,10489730.14
"NLA12_MI-162",2.341333333,3.12,5,21.7,590604.0392
"NLA12_MI-164",25.65333333,11.86,47,0.9,122886.3934
"NLA12_MI-165",16.48,6.87,17,4.3,105681.3818
"NLA12_MI-167",12.64,7.48,26,3,81426.07701
"NLA12_MI-168",13.41538462,5.13,23,11.9,369764.7575
"NLA12_MI-169",21.12,15.95,41,3.5,86928.96041
"NLA12_MI-172",2.712,5.46,16,11.6,206410.3982
"NLA12_MI-177",1.670857143,3.29,23,3.7,5600670.88
"NLA12_MI-178",2.864,4.02,60,2.2,111202.2039
"NLA12_MN-101",17.874666665,11.325,32,9.9,1457552.89
"NLA12_MN-102",5.68,8.61,44,6.1,398867.8068
"NLA12_MN-103",13.984,8.98,36,2,916386.3792
"NLA12_MN-104",1.786666667,6.44,38,2.9,543696.7377
"NLA12_MN-105",5.536,18.19,26,4.8,240489.5921
"NLA12_MN-106",2.92,6.82,48,17.5,4677618.235
"NLA12_MN-107",41.76,8.71,98,14.5,2196510.07
"NLA12_MN-108",3.52,4.56,21,24,1053593.499
"NLA12_MN-109",4.149333333,11.53,25,1.6,420611.1957
"NLA12_MN-110",12.16,10.9,40,4.8,1440471.314
"NLA12_MN-111",2.688,7.33,20,9.1,637459.1101
"NLA12_MN-112",92.8,15.72,159,3.1,1866832.89
"NLA12_MN-113",203.4,12.67,236,1.6,340538.3469
"NLA12_MN-114",115.7333333,14.89,159,3.1,726803.554
"NLA12_MN-115",3.464,4.98,56,10.6,345400.4043
"NLA12_MN-116",26.24,6.43,30,8.5,806717.677
"NLA12_MN-118",122.4,18.31,524,1,701957.1133
"NLA12_MN-119",38.28,9.16,152,4,48215881.44
"NLA12_MN-120",25.76,8.35,46,3.9,7429581.336
"NLA12_MN-121",18.5,11.61,54,9.5,9070460.674
"NLA12_MN-122",3.424,8.3,38,4,4283026.32
"NLA12_MN-123",11.688,5.235,92,4.85,22702.37866
"NLA12_MN-126",14.048,9.09,28,2.5,15040.53802
"NLA12_MN-127",40.8,15.09,110,2,135561.7998
"NLA12_MN-130",7.536,14.39,31,3.6,398247.4224
"NLA12_MN-131",3,15.23,82,1.1,75730.4878
"NLA12_MN-132",5.245714286,10.77,38,12,458868.6424
"NLA12_MN-135",80,19.15,259,1.1,225659.1079
"NLA12_MN-136",13.44,7.99,82,1.7,33988.36968
"NLA12_MN-137",107.2,21.33,272,1.3,152708.3539
"NLA12_MN-138",4.64,18.97,28,3.1,77898.92555
"NLA12_MN-141",4.384,6.13,41,5.6,434486.2827
"NLA12_MN-143",30.13333333,12.66,69,1.7,39565.68953
"NLA12_MN-144",1.632,7.71,25,1.8,55512.80412
"NLA12_MN-145",3.008,7.31,28,3.6,447619.0983
"NLA12_MN-147",10.22857143,7.33,45,4.4,173831.634
"NLA12_MN-150",6.08,19.52,17,3.5,120014.399
"NLA12_MN-152",59.6,7.98,132,3.3,199948.7029
"NLA12_MN-153",6.704,7.27,22,5.6,125294.2371
"NLA12_MN-157",50.4,15.41,86,6,352526.7076
"NLA12_MN-158",97.6,16.6,425,1.8,156398.8771
"NLA12_MN-160",15.16,9.43,40,4,26918.90753
"NLA12_MN-162",7.536,16.8,23,6.3,109183.1676
"NLA12_MN-163",68.16,7.57,107,2.6,1413297.998
"NLA12_MN-167",48.8,8.59,172,2.9,572232.2125
"NLA12_MN-170",5.512,7.98,32,7.5,876231.218
"NLA12_MN-171",18.69333333,18.83,72,1.3,11215.17679
"NLA12_MN-177",77.2,14.09,243,1.5,132569.6036
"NLA12_MN-180",18.32,12.01,40,7.8,456469.0885
"NLA12_MN-181",2.592,9.3,49,1.7,420173.0969
"NLA12_MO-101",58,7.185,95.5,3.15,117548.5577
"NLA12_MO-102",34.88,4.24,48,10.8,33718146.65
"NLA12_MO-103",17.12,4.81,34,8.6,30080692.61
"NLA12_MO-104",2.136,3.11,25,7.5,706473.1132
"NLA12_MO-105",20,5.54,42,6.7,1149874.83
"NLA12_MO-106",66.6,3,110,4.6,28440714.72
"NLA12_MO-107",65.2,4.6,200,2.5,308371.6089
"NLA12_MO-108",4.56,4.05,26.5,4.7,212723.5786
"NLA12_MO-109",29.4,7.45,67,9.5,316189.063
"NLA12_MO-110",6.656,5.52,29,8.2,319280.1298
"NLA12_MO-115",18.08,6.15,50,6.8,266585.5087
"NLA12_MO-117",1.192,3.68,10,6.5,17704.25006
"NLA12_MO-119",4.336,3.86,27,3.5,88559.96022
"NLA12_MO-120",46,7.29,69,3.6,43280.28714
"NLA12_MO-122",86.4,10.57,235,3.6,52828.82156
"NLA12_MO-123",56.66666667,9.67,135,3.3,24826.81426
"NLA12_MO-126",117.6666667,12.98,392,2.1,60890.44728
"NLA12_MS-101",65.2,4.41,138.5,3.15,413188.9755
"NLA12_MS-102",NA,8.01,36,6.2,354987.8887
"NLA12_MS-103",21.4,6.71,54,7.5,255656.0548
"NLA12_MS-104",34.08,10.3,129,2.3,774847.4551
"NLA12_MS-105",9.696,3.17,21,5.9,820568.0615
"NLA12_MS-106",25.76,3.08,33,NA,124590313.6
"NLA12_MS-107",25.6,2.99,212,5.2,39078409.54
"NLA12_MS-112",6.348,7.09,37,2.5,29595.73404
"NLA12_MS-113",3.552,3.47,20,NA,637276.088
"NLA12_MS-116",5.196,4.465,21.5,6.9,236772.1306
"NLA12_MS-119",23.04,6.95,45,6.2,85238.70462
"NLA12_MS-125",217.6,9.61,1689,NA,19177.95647
"NLA12_MS-126",27.2,7.69,82,2.5,50392.37383
"NLA12_MS-128",8.576,5.77,20,6.3,78092.51811
"NLA12_MT-102",1.2630857145,2.29,23.5,39.8,1509848.615
"NLA12_MT-103",3.296,18.14,339,2.5,548840.7471
"NLA12_MT-104",0.637333333,3.31,29,8.9,5322072.995
"NLA12_MT-105",1.014,0.99,20,21,895224.4797
"NLA12_MT-106",0.464,2.1,11,16.5,6174968.114
"NLA12_MT-107",6.616,18.96,42,2.7,398409.2601
"NLA12_MT-108",8.56,21.29,1344,4.4,252079.3107
"NLA12_MT-109",5.237333333,6.09,43,7.8,16659894.51
"NLA12_MT-110",1.252,2.67,23,16.5,77635.12398
"NLA12_MT-111",1.134,1.62,16,50,13358430.11
"NLA12_MT-113",0.60020141,1.44,17,5.8,1482741.262
"NLA12_MT-118",13.28,13.19,1378,2.2,680442.3978
"NLA12_MT-119",143.6,31.4,390,1.5,187195.5896
"NLA12_MT-120",1.03,1.53,12,4.3,74576.19833
"NLA12_MT-124",0.742,1.13,16,13.1,1523346.087
"NLA12_MT-126",1.572,35.26,355,1.4,411784.2821
"NLA12_MT-135",231.12,9.86,343,7.2,98201.79156
"NLA12_MT-136",0.684,0.68,10,41,6844517.646
"NLA12_MT-138",11.296,8.88,78,3.7,43400.4528
"NLA12_MT-140",0.338,0.69,8,18,179261.3315
"NLA12_MT-142",2.224,24.64,103,1.5,584461.4936
"NLA12_MT-143",0.63,15.79,29,5.6,191188.4624
"NLA12_MT-144",5,5.25,91,3.5,1253618.461
"NLA12_MT-151",57.6,27.07,738,1.6,95037.19636
"NLA12_MT-152",1.204,1.36,11,12.5,111852.8712
"NLA12_MT-154",35.77142857,105.31,3436,1,781108.9518
"NLA12_MT-156",1.346666667,2.13,28,12.1,1507199.749
"NLA12_MT-160",30.312,9.14,74,3.7,966656.787
"NLA12_MT-161",5.32,6.42,65,6.8,214492.13
"NLA12_MT-162",1.624,0.68,8,22,276735.667
"NLA12_MT-164",1.499,12.22,9.5,35,924279.6828
"NLA12_MT-177",2.197333333,16.64,46,2,137685.7492
"NLA12_NC-101",12.074,1.93,46.5,14.7,15589989.84
"NLA12_NC-103",3.12,2.72,11,6,597174.532
"NLA12_NC-104",7.52,9.33,36,1.7,3829388.817
"NLA12_NC-105",0.864,0.7,15,42.5,6400303.34
"NLA12_NC-107",31.2,6.73,26,3.4,14676.98529
"NLA12_NC-108",2.034285714,1.05,26,11.7,697326.0796
"NLA12_NC-109",2.05,1.52,12,8.6,338570.8507
"NLA12_NC-114",56.26666667,4.06,116,4.1,150535.4221
"NLA12_NC-115",13.22666667,17.38,58,2.4,67061.0483
"NLA12_NC-116",38.994285715,5.82,47.5,2.85,24856.56632
"NLA12_NC-124",92.016,10.55,140,5.1,61562.35635
"NLA12_NC-127",7.725714286,3.38,19,6.5,254120.6444
"NLA12_NC-134",25.44,7.13,45,4.3,3098431.335
"NLA12_ND-101",27.696,12.115,479.5,3.85,2562103.197
"NLA12_ND-102",59.2,16.38,254,3.5,1809746.113
"NLA12_ND-103",19.15,24.46,88,3.1,129151.4756
"NLA12_ND-104",41.4,10.12,274,6.5,347820.1734
"NLA12_ND-105",23.92,14.45,328,12.4,199942820.4
"NLA12_ND-106",13.2,17.89,89,3.9,5012988.305
"NLA12_ND-107",19.48,28.46,99,2.3,483332.2448
"NLA12_ND-108",446.4,20.52,603,1.9,1033136.406
"NLA12_ND-109",13.46666667,25.39,176,4.5,172138.8091
"NLA12_ND-110",6.8,23.24,203,1.8,524948.7137
"NLA12_ND-112",3.28,19.11,147,6,16235086.5
"NLA12_ND-113",11.2,18.72,49,2.7,47155.3516
"NLA12_ND-114",17.28,10.88,153,1.9,3142060.639
"NLA12_ND-115",31.64,16.41,66,9.5,38732.22845
"NLA12_ND-118",1.76,21.51,230,4,239001.928
"NLA12_ND-119",11.64,29.36,840,2,376119.1787
"NLA12_ND-126",62.8,21.68,751,2,131846.6442
"NLA12_ND-129",283.2,19.09,839,2.1,12188529.08
"NLA12_ND-131",2.917333333,10.19,36,15,13282293.99
"NLA12_ND-134",24.4,20.25,302,5.1,535849.4942
"NLA12_ND-139",2.732,25.53,131,3.5,232033.7924
"NLA12_ND-145",20.36923077,18.14,91,3,71248.19333
"NLA12_ND-146",24.96,27.86,128,2.3,138003.7712
"NLA12_ND-149",164,33.74,1254,4.3,172700.3109
"NLA12_ND-151",48.96,22.88,272,2.5,1983549.872
"NLA12_ND-155",0.708,41.64,3590,1.7,891940.1757
"NLA12_ND-156",78.56,23.79,432,4.5,1049303.077
"NLA12_ND-160",7.24,23.44,53,3.1,355799.7894
"NLA12_ND-162",21.6,19.75,88,3,418306.5494
"NLA12_ND-163",27.2,23.33,138,2.5,37875.80957
"NLA12_ND-164",39.4893617,19.45,333,4.8,388865.9889
"NLA12_ND-167",42.576,32.43,322,4,432805.5482
"NLA12_ND-172",82.24,15.4,317,3.3,1942051.61
"NLA12_ND-173",3.004,15.3,81,2.8,698099.082
"NLA12_ND-178",2.868,12.31,51,7.5,382929.8202
"NLA12_ND-186",8.16,12.65,68,1.5,312534.0549
"NLA12_ND-187",7.04,12.16,43,10.7,741521.6134
"NLA12_ND-190",229.7142857,25.48,359,1.1,164653.6508
"NLA12_ND-193",81.12,18.98,279,3.4,451007.9929
"NLA12_ND-194",460.8,20.18,599,2.4,17184876.58
"NLA12_ND-196",17.17333333,16.79,91,4,1725442.031
"NLA12_ND-198",8.4,31.06,78,1.9,43033.03461
"NLA12_ND-199",6.24,26.81,61,1.9,191974.4403
"NLA12_ND-202",39.2,43.14,67,2.1,143558.7541
"NLA12_NE-101",22,5.785,243,9.5,53120303.14
"NLA12_NE-102",182.6666667,51.01,498,1.6,130009.3741
"NLA12_NE-103",32.26666667,4.65,310,4.4,6444589.529
"NLA12_NE-104",157.86,4.95,237,2.7,505621.8763
"NLA12_NE-105",48.467,27.8,450,3,201814.267
"NLA12_NE-106",98.66666667,8.11,144,2.8,292233.4703
"NLA12_NE-107",28,42.15,277,1.1,249359.6967
"NLA12_NE-108",269.3333333,15.77,673,1.6,541209.0517
"NLA12_NE-109",12.01333333,4.82,59,6,6410234.072
"NLA12_NE-110",257.6,21.96,1399,1.5,320841.0411
"NLA12_NE-111",7.428571429,8.44,140,2.4,982750.6919
"NLA12_NE-112",5.28,23.96,128,1.4,591068.1649
"NLA12_NE-113",120.8,50.62,268,2.5,102933.147
"NLA12_NE-114",5.82,1.78,241,10.5,11178544.69
"NLA12_NE-121",218.6666667,48.76,374,1.6,1598335.591
"NLA12_NE-125",212,62.51,455,1.5,106111.8742
"NLA12_NE-127",19.73333333,311.56,566,1,1222560.797
"NLA12_NE-129",160.48,4.76,242.5,2.1,437105.103
"NLA12_NE-133",2.66,24.11,96,1.2,737334.5552
"NLA12_NE-135",233.6,515.81,3636,1,113964.0522
"NLA12_NE-149",248,12.07,421,1.4,47189.59414
"NLA12_NE-154",114.9333333,12.56,873,2.5,527777.6641
"NLA12_NE-156",424,37.5,1156,1,156136.8393
"NLA12_NE-157",15.76,4.27,47,21.6,378388.7485
"NLA12_NE-158",5.48,8.55,697,2.9,385914.698
"NLA12_NE-160",21.37142857,6.01,81,7.5,7850606.322
"NLA12_NE-166",24.1,6.37,104,5.3,38393.55919
"NLA12_NE-170",248.76,12.25,319,3.5,882416.5564
"NLA12_NH-101",2.62,2.755,21,5.95,120184.6407
"NLA12_NH-102",5.408,6.83,20,3.1,131074.4099
"NLA12_NH-103",1.74,2.21,6,43.9,16695018.72
"NLA12_NH-104",3.948,5.43,18,9.1,3008288.587
"NLA12_NH-105",3.8,6.48,27,2.5,533692.9127
"NLA12_NH-107",6.192,7.03,18,2.4,40747.96615
"NLA12_NH-108",3.368,5.49,27,2.7,341074.0133
"NLA12_NH-109",0.6112,1.94,7,18.9,702848.8728
"NLA12_NH-111",3.48,4.11,13,5.5,407982.7967
"NLA12_NH-112",2.196,3.705,13,4.1,26420.18802
"NLA12_NH-115",1.984,3.4,12,4.3,203545.4689
"NLA12_NJ-101",16.52952381,3.445,49.5,4.2,227240.752
"NLA12_NJ-102",27.9,7.14,158,2.4,653285.3198
"NLA12_NJ-103",35.76,5.17,57,7.5,226427.9607
"NLA12_NJ-104",21.64,6.22,39,3.6,371402.6102
"NLA12_NJ-105",3.216,4.03,12,1.4,119990.4778
"NLA12_NJ-106",105.84,6.04,87,4.4,46812.37311
"NLA12_NJ-107",15.728,3.57,49,2.9,34435.56246
"NLA12_NJ-108",3.744,6.59,24,2.1,286974.5215
"NLA12_NJ-118",7.9,2.35,38,4.3,25318.2338
"NLA12_NJ-119",4.927,2.91,17,3.1,28464.21383
"NLA12_NJ-131",2.6735238095,4.705,8,1.7,118688.0463
"NLA12_NM-104",13.26,3.095,33,17.25,408000.6624
"NLA12_NM-105",8.586666667,18.96,77,1.6,3258984.13
"NLA12_NM-117",7.7291666665,18.12,26.5,9.1,243277.4702
"NLA12_NM-129",1.58,6.17,24,14,15219350.83
"NLA12_NM-132",23.521,4.63,231,3.2,441798.7055
"NLA12_NM-133",NA,19.07,52,1.9,11626.79858
"NLA12_NM-134",1.83,1.67,17,16.9,861870.5845
"NLA12_NM-138",1.915,3.31,152,8,153952.0392
"NLA12_NM-150",34.4,3.72,159,1.9,172418.8628
"NLA12_NM-152",12.88,18.45,256,1,252001.5344
"NLA12_NM-160",3.28,4.86,214,3.4,4374938.783
"NLA12_NM-161",1.715,2.8,16,2.5,35700.66587
"NLA12_NM-162",1.93,8.43,56,5.8,173820.4713
"NLA12_NV-101",10.09476923,5.56,501,1.05,1003274.322
"NLA12_NV-102",4.714666667,5.16,138,2.1,235003.2449
"NLA12_NV-103",0.334,5.24,27,2,722842.2249
"NLA12_NV-104",3.101538462,6.26,125,6.2,45669231.49
"NLA12_NV-105",4.305882353,4.34,246,5.2,2333338.323
"NLA12_NV-106",3.84,3.2,173,1.2,1641227.226
"NLA12_NV-109",0.329142857,9.5,83,44.4,462996832.4
"NLA12_NV-119",19.226,3.38,137,2.6,153858.6876
"NLA12_NV-127",1.815,5.97,43,2.2,236351.3802
"NLA12_NV-137",4.288,2.26,230,6.4,288967.0735
"NLA12_NV-141",5.141333333,6.34,137,4,79334.17639
"NLA12_NV-144",11.64444444,1.43,20,1.7,58047.87052
"NLA12_NV-167",0.410133333,10.42,150,1.5,49563.16925
"NLA12_NV-177",1.771428571,3.48,88,5.4,320153.8297
"NLA12_NV-193",2.064,4.79,21,3.9,349720.3318
"NLA12_NY-0101",1.2513636365,2.41,9,43,45649097.89
"NLA12_NY-0102",1.171428571,5.07,16,3,16830269.84
"NLA12_NY-0103",1.28,1.31,4,5.8,614149.2971
"NLA12_NY-0104",7.126,3.62,54,2.55,165804.8325
"NLA12_NY-0106",1.844,3.52,14,7,157147.2102
"NLA12_NY-0108",41.6,5.83,124,1.7,44486.70045
"NLA12_NY-0109",12.64,14.66,26,4.8,168314.7863
"NLA12_NY-0110",2.202666667,3.46,11,4.6,30613.26494
"NLA12_NY-0111",1.691,3.84,12,5.7,44581.08519
"NLA12_NY-0112",5.137777778,6,33,3.8,40949.13633
"NLA12_OH-101",68.58,6.415,157,3.1,3916292.587
"NLA12_OH-102",81.6,9.79,572,1,3271193.671
"NLA12_OH-103",3.76,3.38,17,9,430430.055
"NLA12_OH-104",53.92,6.19,88,4.1,807189.3983
"NLA12_OH-105",111.2,6.16,138,1.5,20189231.35
"NLA12_OH-106",9.066666667,4.92,21,8.1,242493.1458
"NLA12_OH-107",105.984,5.75,128,4.2,4246547.659
"NLA12_OH-112",8.587,4.43,26,7.9,466216.884
"NLA12_OH-113",88.8,5.39,164,3.2,81133.27045
"NLA12_OH-115",3.188,2.59,9,7.3,477415.983
"NLA12_OH-118",5.81,1.875,9.5,5.2,1027107.705
"NLA12_OH-122",64.32,6.52,109,3.9,71218.02446
"NLA12_OH-127",1.712,2.98,8,12,650867.3406
"NLA12_OH-134",77.44,6.35,289,2.6,153162.4221
"NLA12_OH-136",204.48,7.59,185,2.3,210213.7219
"NLA12_OH-137",36.25714286,5.14,41,12.5,345570.0602
"NLA12_OK-101",15.3,4.275,67,7.8,5331240.464
"NLA12_OK-102",40.5,6.04,128,5,15462420.46
"NLA12_OK-103",19.4,1.82,105,16.5,101360445.2
"NLA12_OK-104",4.28,4.55,5,13,42128579.56
"NLA12_OK-105",33.9,3.63,344,1.7,6371498.901
"NLA12_OK-106",26.8,2.77,71,3.5,32547862.91
"NLA12_OK-107",10.3,2.4,5,9.6,52108382.12
"NLA12_OK-108",4.56,5.61,5,5.7,2857856.406
"NLA12_OK-109",6.77,3.88,30,4.6,3253718.103
"NLA12_OK-117",109,8.27,490,1,286262.314
"NLA12_OK-118",0.65,9.43,190,2.5,1415132.383
"NLA12_OK-119",38.8,5.74,17,7.5,1607371.379
"NLA12_OK-120",11.4,6.64,30,5.2,1034516.931
"NLA12_OK-121",8.68,7.33,119,2.8,1776573.03
"NLA12_OK-122",15.6,6.78,67,2.2,512172.4256
"NLA12_OK-132",3.76,8.42,5,2.6,144919.5965
"NLA12_OK-133",71.1,9.38,142,1.5,95189.64705
"NLA12_OK-134",13.4,4.88,87,3.7,12453890.41
"NLA12_OK-135",6.41,6.11,150,6,2042764.84
"NLA12_OK-285",21.7,10.8,32,4.7,68851.48181
"NLA12_OK-286",191,16.7,2150,1,30037.53759
"NLA12_OK-288",3.06,8.31,7,4,51237.40445
"NLA12_OK-291",50.3,8.06,188,1.3,1755528.673
"NLA12_OK-292",91.1,12,209,1.5,407829.5751
"NLA12_OK-293",74.2,18.9,834,2,101301.0183
"NLA12_OK-296",93.6,15.6,327,1.3,34024.1209
"NLA12_OK-299",3.83,3.815,8.5,13.85,40206.46732
"NLA12_OK-302",4.42,7.24,24,5.5,184103.4509
"NLA12_OK-306",2.32,7.98,5,3.1,66826.44404
"NLA12_OK-311",13.8,6.68,19,5.5,125456.4974
"NLA12_OR-101",6.492957746,10.66,332,4.3,898369.153
"NLA12_OR-102",11.28,7.13,452,3.3,1078297.854
"NLA12_OR-103",0.5251666665,0.595,65.5,3.45,972549.39
"NLA12_OR-104",2.821333333,1.95,32,5.5,32302786.28
"NLA12_OR-105",3.744,2.41,48,12.8,9118180.094
"NLA12_OR-106",0.997894737,0.3,62,41.6,636915.8062
"NLA12_OR-107",1.013333333,2.01,18,14.8,144841.0414
"NLA12_OR-109",0.1216,0.51,9,52.6,24437024.74
"NLA12_OR-110",3.71967655,2.92,21,16.5,526616.0395
"NLA12_OR-111",14.9,19.77,306,1,2786812.204
"NLA12_OR-112",8.114285714,2.78,125,8.6,7167880.851
"NLA12_OR-113",1.624,2.96,25,23.4,2564946.697
"NLA12_OR-121",0.8294153845,3.315,39.5,7.05,57811.03436
"NLA12_OR-123",11.872,1.99,37,11.3,44043.09171
"NLA12_OR-126",1.468,1.14,26,20,147200.3292
"NLA12_OR-128",5.323076923,1.18,23,53.7,13897611.94
"NLA12_OR-129",2.832,2.68,20,9,134348.8896
"NLA12_OR-131",20.22857143,7.12,197,2.1,390486.4208
"NLA12_OR-133",1.424,3.22,20,2.9,143022.6557
"NLA12_OR-144",1.194666667,2.79,17,1.6,19814.82548
"NLA12_OR-145",2.711111111,4.71,12,2.7,450475.324
"NLA12_OR-154",2.392,6.74,288,8.4,2023922.687
"NLA12_OR-155",15.776,4.59,51,10.9,705646.14
"NLA12_OR-158",45.6,1.06,187,1.5,61286.76943
"NLA12_OR-160",0.692,2.04,30,2.7,38863.27545
"NLA12_OR-163",3.411428571,2.34,9,2.1,28234.31316
"NLA12_OR-167",20.68571429,4.21,117,5.2,150005.3017
"NLA12_OR-169",0.428,1.27,25,43.1,7095293.381
"NLA12_OR-173",0.725333333,1.33,4,5,64659.88774
"NLA12_PA-101",4.305,3.14,17.5,23.2,33473811.41
"NLA12_PA-102",42.29,6.8,83,4.5,631960.7659
"NLA12_PA-103",28.93,4.91,35,8.2,201266.4126
"NLA12_PA-105",0,3.11,11,4.1,126195.2818
"NLA12_PA-106",4,1.92,7,25.4,4489603.055
"NLA12_PA-107",5.79,2.82,41,2.7,181702.57
"NLA12_PA-108",17.285,3.57,26.5,7.155,3972058.615
"NLA12_PA-109",11.19,3.83,10,3.1,1021447.463
"NLA12_PA-110",24.92,6.25,77,2.2,145441.7692
"NLA12_PA-111",19.22,5.4,36,6.1,1016901.803
"NLA12_PA-113",5.65,4.15,13,12.8,3739032.105
"NLA12_PA-114",2.35,3.52,5,8.4,549546.2004
"NLA12_PA-115",11.39,3.65,17,3.4,105763.192
"NLA12_PA-117",52.69,5.05,52,1.4,16289.48681
"NLA12_PA-118",5.19,3.02,14,4.2,281537.761
"NLA12_PA-119",1.8,2.19,5,17,3340934.23
"NLA12_RI-102",5.36,3.715,21.5,1.05,637954.8548
"NLA12_RI-103",3.064,4.3,20,3.8,243418.19
"NLA12_RI-104",6.528,6.33,20,2.1,937524.0405
"NLA12_RI-108",2.616,4.34,16,2.4,2516739.242
"NLA12_RI-110",24.32,20.45,36,2.2,19220.58172
"NLA12_RI-111",6.5358974355,2.475,30.5,4.35,71707.4942
"NLA12_RI-112",9.5,4.25,47,1.6,835674.9967
"NLA12_RI-113",10.88,6.14,29,2.1,49771.12556
"NLA12_SC-102",36.24,14.09,44,2.6,147069.4315
"NLA12_SC-103",1.290470588,1.195,18,29.25,1838848.436
"NLA12_SC-104",20.08,13.005,66.5,1.95,48393.22285
"NLA12_SC-105",29.33333333,3.18,61,2.6,55772.78163
"NLA12_SC-106",4.697142857,2.07,37,5.3,766541.4285
"NLA12_SC-108",11.49333333,2.63,32,2.5,67510.48781
"NLA12_SC-112",4.622857143,1.8,17,3.2,83078.03766
"NLA12_SC-118",12.8,3.53,51,4.8,356140538.7
"NLA12_SC-127",10.88,6.2,25,2.4,349719.6049
"NLA12_SD-101",2.54,3.78,28,27.05,1254974158
"NLA12_SD-102",10.8,15.66,709,5.5,1917548.004
"NLA12_SD-103",13.7,13.46,67,2.8,4272452.702
"NLA12_SD-104",3.112,13.77,119,6.2,184311.6769
"NLA12_SD-105",42.84,14.59,100,4,1466317.536
"NLA12_SD-106",5.904,6.32,42,7.4,8571951.295
"NLA12_SD-107",11.04,8.13,39,6.4,459591.4066
"NLA12_SD-108",9.955555556,7.67,57,3,577621.3289
"NLA12_SD-109",43.1,14.08,501,2.2,208672.8463
"NLA12_SD-110",16.52,18.36,167,7.5,230253.4933
"NLA12_SD-111",90.72,17.99,162,3.5,292319.01
"NLA12_SD-114",53.6,18.75,144,1.5,207698.058
"NLA12_SD-115",121.384615385,17.445,240.5,1.05,156209.4014
"NLA12_SD-119",59.73333333,16.5,390,2,151881.3017
"NLA12_SD-122",31.04,17.36,147,1.7,55243.31698
"NLA12_SD-124",62.8,19.87,236,2.1,26163.27031
"NLA12_SD-126",93.71428571,19.58,316,2,142736.6573
"NLA12_SD-130",23.36,13.29,126,1,27841.88967
"NLA12_SD-131",148.32,16.62,336,1.8,205526.93
"NLA12_SD-132",33.6,18.64,366,2,222308.2519
"NLA12_SD-133",72.92571429,15.98,304,1.4,49040.37241
"NLA12_SD-134",57.23076923,19.77,928,2.2,104240.0154
"NLA12_SD-137",0.576,19.97,475,2.2,17725.6075
"NLA12_SD-138",2.52,8,49,5.4,6963329.358
"NLA12_SD-140",8.112,10.77,68,2.2,769427.6764
"NLA12_SD-141",6.2,20.95,39,3.2,478923.7558
"NLA12_SD-143",7.413333333,16.84,32,2.8,220956.2703
"NLA12_SD-146",7.936,19.02,25,1,25093.75527
"NLA12_SD-147",57,17.8,554,4.7,378215.0066
"NLA12_SD-150",13,23.85,99,1,176622.2672
"NLA12_SD-154",35.56923077,21.39,753,3.2,1251226.816
"NLA12_SD-157",32.508,20.5,84,5,224445.3642
"NLA12_SD-158",17.28,13.61,610,3,1097816.821
"NLA12_SD-162",85.44,13.49,815,1.4,3949502.606
"NLA12_SD-165",1.912,16.96,357,3,45112.53923
"NLA12_SD-166",6.376,8.62,71,1.6,42619.21688
"NLA12_SD-168",16.88,18.22,293,4.8,550062.0242
"NLA12_SD-170",25.46666667,24.6,137,1.5,48289.12669
"NLA12_SD-172",3.688,17.35,70,2.2,46252.06667
"NLA12_SD-182",1.92,8.93,35,4.8,605715.7254
"NLA12_SD-183",4.672,4.1,41,7,343082553.9
"NLA12_SD-189",38.736,19.56,147,2,4122112.364
"NLA12_SD-198",1.914,14.94,419,1.3,2850206.203
"NLA12_SD-212",0.334,13.36,346,4.3,36203.81011
"NLA12_TN-101",55.28,3.275,219.5,3.8,124238.439
"NLA12_TN-103",30.72,2.45,359,4,302182.9215
"NLA12_TN-104",5.112,1.77,13,13.5,31215662.76
"NLA12_TN-106",28,4.83,43,3,16929.10894
"NLA12_TN-108",60.266666665,4.585,646,4,334331.4103
"NLA12_TN-113",109.584,6.44,120,6.5,88590.29744
"NLA12_TN-114",21.136,7.81,46,1.55,49221.24868
"NLA12_TN-119",23.04,4.46,51,10.8,251163.049
"NLA12_TN-122",19.04,4.17,48,2.6,203206.9074
"NLA12_TX-101",62.68,6.1,256.5,1,138396.1938
"NLA12_TX-103",14.5,8.92,49,6,65593942.63
"NLA12_TX-104",11.632,6.92,111,0.8,630306.3676
"NLA12_TX-105",37.28,6.69,35,7.4,95301453.77
"NLA12_TX-107",3.744,10.92,43,3.4,82125.72355
"NLA12_TX-109",11.2,10.02,35,2.5,53611.67783
"NLA12_TX-110",14.85714286,4.48,26,10.5,87830736.06
"NLA12_TX-111",12.704,17.94,28,4.8,567548.2287
"NLA12_TX-112",3.592,4.59,23,2.5,62071.6516
"NLA12_TX-113",40.64,6.8,60,5.1,70624736.12
"NLA12_TX-114",57,3.8,95,4.5,4271516.658
"NLA12_TX-116",4.72,9.2,34,3.5,138661.0093
"NLA12_TX-117",116.8,13.34,414.5,3.35,147143.9965
"NLA12_TX-118",25.4,7.57,86,1.1,377351.8046
"NLA12_TX-121",40.8,11.73,204,10,8524902.475
"NLA12_TX-124",12.08,6.05,25,10.5,60509026.32
"NLA12_TX-128",5.52,5.56,56,10.4,431958.8639
"NLA12_TX-129",12.288,14.65,59,3.3,3026547.31
"NLA12_TX-135",30.24,19.86,114,1.5,67227.05342
"NLA12_TX-136",29.86666667,11.83,113,1.3,120798.201
"NLA12_TX-137",2.436,3.44,30,12.5,4814395.82
"NLA12_TX-141",7.064,6.5,30,9.2,2146028.942
"NLA12_TX-144",6.848,5.8,30,4.8,207277.7243
"NLA12_TX-148",5.64,5.74,64,2.5,202055.4838
"NLA12_TX-152",373.3333333,26.79,486,1.7,7073310.8
"NLA12_TX-157",24.48,13.59,58,5.8,216603.3969
"NLA12_TX-158",26.6,4.87,88,1.2,140496.6974
"NLA12_TX-159",20,12.78,100,3,214277.4456
"NLA12_TX-160",60.48,4.4,79,10.4,246133.4018
"NLA12_TX-161",14.176,5.32,171,1.3,75907.81286
"NLA12_TX-165",7.9,5.09,26,11,23866964.93
"NLA12_TX-169",1.245333333,0.23,54,4,300730.4761
"NLA12_TX-170",51.2,9.54,84,2.2,273039.875
"NLA12_TX-176",21.216,12.44,130,2.3,35144.43489
"NLA12_TX-182",5.546666667,6.49,39,4.4,277556.4237
"NLA12_TX-187",40.09411765,9.2,167,2.2,212867.3491
"NLA12_TX-190",2.902857143,3.55,30,2.9,125573.6965
"NLA12_TX-195",42.66666667,6.68,89,2.5,170897.4416
"NLA12_TX-196",27.2,6.03,88,2.9,148296.293
"NLA12_TX-199",148,26.38,525,1,61768.94879
"NLA12_TX-201",15.504,8.28,43,1.6,29525.11168
"NLA12_TX-202",25.28,10.09,116,2.8,54720.42334
"NLA12_TX-205",7.466666667,10.57,17,1.5,800241.4006
"NLA12_TX-218",98,6.89,122,5.9,2031477.418
"NLA12_TX-232",11.968,9.53,35,19.3,20795.3227
"NLA12_TX-234",9.163636364,7.88,54,4.6,264746.3415
"NLA12_TX-235",44.48,11.2,88,3.1,51228.77813
"NLA12_UT-101",3.3043333335,2.505,16.5,2.55,1695224.843
"NLA12_UT-102",1.668,2.78,21,33,13319708.66
"NLA12_UT-103",6.353333333,1.8,23,34,698245.9053
"NLA12_UT-104",2,3.01,65,6.7,39876060.92
"NLA12_UT-105",2.568,3.23,23,15,5366413.991
"NLA12_UT-108",6,4.39,80,3.7,1443154.115
"NLA12_UT-109",33.6,16.33,96,3,432852.8102
"NLA12_UT-110",1.8936923075,5,25,3.2,143745.3838
"NLA12_UT-112",10.11428571,4.03,60,1.7,26161.52577
"NLA12_UT-118",1.36,1.66,23,6.3,77437.90771
"NLA12_UT-122",5.08,2.07,10,17,112140.2929
"NLA12_UT-125",0.664,2.82,20,6.3,188432.8611
"NLA12_UT-126",0.486857143,1.83,12,3.8,44901.95176
"NLA12_UT-128",21.48,8.25,72,1.5,357437.1595
"NLA12_UT-137",15.04,8.53,147,2.4,180335.1
"NLA12_UT-141",47.8,3.7,193,2.7,931745.1518
"NLA12_UT-147",9.611428571,6.2,14,1.7,24122.60828
"NLA12_UT-148",74.8,6.99,265,1.1,417326.7884
"NLA12_UT-159",1.509333333,2.82,11,3.3,26900.51335
"NLA12_UT-160",0.704,2.26,30,6.4,103486.1387
"NLA12_UT-165",1.46,6.25,41,1.3,1367945.031
"NLA12_UT-167",0.867175573,5.91,27,1,66867.5818
"NLA12_UT-169",1.56,2.02,23,4.2,247843.0491
"NLA12_UT-173",2.392,2.29,36,14,1009644.955
"NLA12_UT-186",11.84,3.05,118,3.7,96242.89004
"NLA12_UT-196",1.34,2.86,17,4.1,314510.8714
"NLA12_UT-203",0.56,1.63,6,11,89649.48567
"NLA12_UT-210",2.72,3.53,51,8.4,67367.80077
"NLA12_UT-218",3.858823529,2.79,28,20,10237180.4
"NLA12_UT-222",14.25,13.22,83,2.2,485310.5047
"NLA12_UT-229",3.516,6.39,37,5,324569.3843
"NLA12_UT-260",3.564,3.07,21,4.3,278563.8716
"NLA12_UT-264",24.1,1.89,104,8,112287.1745
"NLA12_UT-290",3.907692308,5.35,66,1.8,121283.5629
"NLA12_UT-294",0.92,1.94,24,13,350740.0135
"NLA12_UT-324",1.850666667,3.05,19,16,394280.4792
"NLA12_UT-325",4.48,3.04,31,33,2660559.395
"NLA12_UT-343",0.3148,7.57,85,4.9,693943.1051
"NLA12_UT-359",173.2,12.35,542,1.2,424906.927
"NLA12_UT-374",1.676,2.17,25,16,1513345.341
"NLA12_UT-392",4.2,4.42,55,11.3,32207301.69
"NLA12_UT-397",1.116,3.38,16,1.5,701819.7711
"NLA12_UT-400",10.24,13.58,1208,11,114665.7216
"NLA12_UT-409",39.68,5.13,237,1.1,118186.7316
"NLA12_UT-412",9.28,3.55,54,5.7,180997.7611
"NLA12_UT-424",5.702857143,3.87,43,1.4,606852.3709
"NLA12_VA-101",72.976,5.73,152.5,2,288381.1387
"NLA12_VA-102",64,8.83,70,5.2,342910.015
"NLA12_VA-103",9.248,4.09,24,7.5,101116.6745
"NLA12_VA-104",7.376,2.46,19,5.4,296826.5713
"NLA12_VA-105",11.504,5.97,80,3.2,154487.7236
"NLA12_VA-106",49.12,9,64,2.3,184328.7407
"NLA12_VA-108",11.456,2.43,61,3.5,342781.2829
"NLA12_VA-109",7.572,3.135,60,1.55,25338.47868
"NLA12_VA-110",6.848,6.51,19,12,396893.7543
"NLA12_VA-111",66.56,9.34,114,3.8,57404.34759
"NLA12_VA-112",6.417,5.61,24,1.9,40201.9284
"NLA12_VA-114",25.4,4.53,35,3.9,11044.30042
"NLA12_VA-116",19,1.83,37,4.5,19628.24918
"NLA12_VA-118",93.6,12.18,426,1.6,20411.32937
"NLA12_VA-119",70,5.57,124,2.5,444617.8251
"NLA12_VA-121",45.6,5.99,96,4.5,147600.8082
"NLA12_VA-123",111.6,10.84,112,1.4,41549.42314
"NLA12_VA-125",5.808,1.5,27,35,504857.1575
"NLA12_VA-126",16.32,4.04,40,4.1,37510.79578
"NLA12_VA-127",35.4,7.57,81,2.2,352667.3368
"NLA12_VA-130",36.6,5.26,61,4.1,127117.6678
"NLA12_VT-101",0.8415,5.44,16,16.5,821596.8773
"NLA12_VT-102",3.76,3.23,14,12.1,833521.9021
"NLA12_VT-103",3.394285714,3.17,20,47,1073599005
"NLA12_VT-104",3.168,3.01,9,18,411262.0274
"NLA12_VT-106",5.28,7.29,20,4.1,94957.81733
"NLA12_VT-109",7.76,5.7,19,1.9,108980.5771
"NLA12_VT-110",9.2475,2.76,9,14.6,71637.40773
"NLA12_VT-112",10.096,4.065,17.5,4.2,108606.8556
"NLA12_VT-114",1.851428571,3.01,10,31,1775576.428
"NLA12_VT-115",0.328,8.61,31,9.3,63567.45175
"NLA12_WA-101",9.316,8.5,26,1.35,176229.4147
"NLA12_WA-102",5.12,7.34,180,1.5,151645.2384
"NLA12_WA-103",1.770666667,2.29,9,28.7,4414865.513
"NLA12_WA-104",25.76,2.8,99,8.2,25755987.98
"NLA12_WA-106",36.64,6.5,53,4.65,840329.5981
"NLA12_WA-107",42.88,3.08,74,18.6,1013084.781
"NLA12_WA-108",3.701333333,3.76,38,19.3,1203690.71
"NLA12_WA-109",3.674666667,3.85,15,28.5,103147.1722
"NLA12_WA-110",1.872,2.56,19,7,71850.10315
"NLA12_WA-111",1.568,6.82,16,19.05,766528.835
"NLA12_WA-112",45.33333333,8.82,93,8.4,270003.9438
"NLA12_WA-114",5.162666667,1.58,92,3.9,1094043.479
"NLA12_WA-115",1.608,5.73,50,11.6,41194.74272
"NLA12_WA-116",4.432,5.16,22,33,530661.4387
"NLA12_WA-118",1.7,0.48,28,5.1,64265.79912
"NLA12_WA-120",1.4868,3.25,50,10.6,206216.049
"NLA12_WA-121",4.986666667,4.21,9,13.3,225790.224
"NLA12_WA-124",41.84,7.82,25,13.8,480913.4437
"NLA12_WA-125",3.98,0.48,72,4.3,76747.00246
"NLA12_WA-126",6.331428571,2.47,40,6.8,162302.139
"NLA12_WA-129",1.858285714,0.29,85,7.5,15883.25787
"NLA12_WA-131",2.176,12.07,95,8.7,86915.69116
"NLA12_WA-133",9.04,11.65,57.5,2.85,263954.9299
"NLA12_WA-138",3.136,4.31,12,13.8,239691.4436
"NLA12_WA-141",2.453333333,4.41,23,4.1,497484.5844
"NLA12_WA-146",1.429333333,0.7,34,5.2,39786.46868
"NLA12_WA-147",1.385806452,5.28,41,7.5,24158.09489
"NLA12_WA-151",0.652,0.4,15,58.5,19417526.53
"NLA12_WA-154",10.432,4.53,53,2.8,19580.66912
"NLA12_WA-157",1.744,2.05,25,1.4,241506.2039
"NLA12_WA-159",7.552,2.85,67,12.6,45861.57325
"NLA12_WI-101",62.05,6.65,74.5,9.45,12933608.42
"NLA12_WI-102",1.27,6.2,10,20.1,3147520.87
"NLA12_WI-103",5.22,3.1,77,7,261330.714
"NLA12_WI-104",3.02,4,13,15.8,4221658.539
"NLA12_WI-106",7.43,18,24,7.2,352867.2369
"NLA12_WI-107",20.4,6.1,27,25.2,1835186.635
"NLA12_WI-108",72.4,5.4,56,9.2,5775639.511
"NLA12_WI-109",22.1,12,49,4.6,17801181.25
"NLA12_WI-110",2.58,3,15,17,67371.54766
"NLA12_WI-111",3.15,9,13,6,834866.2559
"NLA12_WI-112",4.34,9.65,12.5,3.3,123174.475
"NLA12_WI-113",2.48,3.9,12,15.5,74768.34304
"NLA12_WI-115",19.6,15,32,5,52743.73395
"NLA12_WI-117",4.53,8.3,18,4.7,62285.35462
"NLA12_WI-120",57.2,21,44,1,44087.80855
"NLA12_WI-122",6.12,6,31,1.8,40396.32503
"NLA12_WI-127",82.5,12,232,1.1,62643.64681
"NLA12_WI-128",28.2,7.2,60,4,17202.95418
"NLA12_WI-129",14.5,9,25,2.1,20783.59922
"NLA12_WI-131",20.3,5.2,24,7.5,1169707.289
"NLA12_WI-132",71.3,10,109,1,355196.245
"NLA12_WI-133",15.9,16,25,15.2,130861.7793
"NLA12_WI-134",582,25,1730,1.7,116419.1623
"NLA12_WI-135",7.15,7.8,20,3,440094.1166
"NLA12_WI-136",6.22,6.9,21,3.1,218873.6741
"NLA12_WI-138",10.7,7,17,7.5,124764.0751
"NLA12_WI-140",13.3,7,75,1,897416.3089
"NLA12_WI-142",14.7,33,36,4.1,34574.99315
"NLA12_WI-144",22.7,11,28,2.5,37674.83919
"NLA12_WI-147",10.3,14,39,2.2,102310.9018
"NLA12_WI-151",8.11,7.3,21,NA,62077.03343
"NLA12_WI-152",5.15,4.7,24,16.3,7129395.732
"NLA12_WI-153",146,14,155,2.4,17579.89243
"NLA12_WI-154",21.3,18,35,8.1,16568.68354
"NLA12_WI-155",18,4.6,20,1.8,390147.3417
"NLA12_WI-157",25.5,3.1,35,5.7,148293.549
"NLA12_WI-161",9.19,3.2,24,3.9,10843.64692
"NLA12_WI-163",14.8,22,59,3.5,546285.1452
"NLA12_WI-166",11.8,3,70,1.8,111481.6543
"NLA12_WI-168",3.2,5.4,17,8.6,2937067.02
"NLA12_WI-170",11.9,11,21,6.3,235765.5104
"NLA12_WI-171",5.37,7.3,12,14.8,146524.2301
"NLA12_WI-172",85.3,4.2,132,1.4,354437.2211
"NLA12_WI-173",77.8,4,86,4,2425287.687
"NLA12_WI-174",13.9,12,27,7.7,54556.88042
"NLA12_WI-176",2.81,6.3,10,14.2,294017.5535
"NLA12_WI-179",6.78,4.1,9,9.1,2137513.727
"NLA12_WI-181",17.7,11,24,11.3,302329.3311
"NLA12_WI-183",5.77,3.8,9,13.7,455713.2909
"NLA12_WI-188",89.7,18,217,2.8,94075.01204
"NLA12_WV-101",3.382,2.14,8,6.3,608871.1264
"NLA12_WV-102",2.232,1.67,16,9.9,3343315.596
"NLA12_WV-105",15.3,2.3,36,1.7,26633.02177
"NLA12_WV-106",0.892,2.25,14,16.5,15561991.07
"NLA12_WV-111",2.229090909,2.76,11,8.1,51986.73047
"NLA12_WV-112",44.22857143,4.685,89.5,2.3,101927.9203
"NLA12_WV-113",8.48,2.4,26,3.6,37856.92229
"NLA12_WV-115",1.66,3.1,14,5.1,154386.4145
"NLA12_WY-101",0.8067,1.595,25,2.275,167705.0029
"NLA12_WY-102",10.44,3.69,82,53,52539062.45
"NLA12_WY-103",0.54,1.11,12,33.2,20453319.17
"NLA12_WY-104",1.02,3.09,15,34.3,12530561.38
"NLA12_WY-105",1.756,3.5,52,14.9,8682136.377
"NLA12_WY-107",3.44,9.76,1528,2.9,538020.3418
"NLA12_WY-115",2.168,6.8,51,8.4,909262.8623
"NLA12_WY-116",NA,6.32,31,13.5,206970.4289
"NLA12_WY-117",14.08,0.77,15,24,130285.9777
"NLA12_WY-120",2.356,0.76,18,29.6,1820558.458
"NLA12_WY-124",0.5633333335,1.605,42,29.5,108666963.6
"NLA12_WY-125",2.544,1.12,29,26.8,137259.3086
"NLA12_WY-130",5.408,18.93,44,2.7,239537.0961
"NLA12_WY-131",2.36,2.46,36,3.5,761989.5231
"NLA12_WY-133",1.032,0.51,14,15.8,320478.2099
"NLA12_WY-135",3.272,4.89,64,2.5,17587.72627
"NLA12_WY-137",0.829333333,3.76,33,5.5,144200.2218
"NLA12_WY-147",5.493333333,3.47,36,18.5,27621716.46
"NLA12_WY-151",2.96,4.4,30,17.3,1280139.373
